name,type,location,network,ip
RHS-EDGE1,router 2911,MDF,LOOPBACKS,10.10.255.1
CORE-L3-1,L3 switch 3650,MDF,LOOPBACKS,10.10.255.2
CORE-L3-2,L3 switch 3650,MDF,LOOPBACKS,10.10.255.3
RHS-EDGE2,router 2911,MDF,LOOPBACKS,10.10.255.4
DIST-L3-1,L3 switch 3650,MDF,LOOPBACKS,10.10.255.5
DIST-L3-2,L3 switch 3650,MDF,LOOPBACKS,10.10.255.6
SW-E230,switch 2960,Room E230,NETWORK-IT,10.10.99.11
SW-E110,switch 2960,Room E110,NETWORK-IT,10.10.99.12
SW-E103,switch 2960,Room E103,NETWORK-IT,10.10.99.13
SW-E203,switch 2960,Room E203,NETWORK-IT,10.10.99.14
SW-C214,switch 2960,Room C214,NETWORK-IT,10.10.99.15
SW-B126,switch 2960,Room B126,NETWORK-IT,10.10.99.16
SW-OFFICE,switch 3650,Main office,NETWORK-IT,10.10.99.21
SW-MDF,switch 3650,MDF,NETWORK-IT,10.10.99.22
SRV-DHCP,server,MDF,SERVERS,10.10.70.5
SRV-DNS-WEB,server,MDF,SERVERS,10.10.70.10
SRV-LOG,server,MDF,SERVERS,10.10.70.20
SRV-FILE,server,MDF,SERVERS,10.10.70.30
IT-PC1,PC,IT office,NETWORK-IT,10.10.99.50
IT-PC2,PC,IT office,NETWORK-IT,10.10.99.51
PRINCIPAL-PC,PC,Main office,MANAGEMENT,dhcp
ASST-PRINCIPAL-PC,PC,Main office,MANAGEMENT,dhcp
COUNSELOR1-PC,PC,Main office,MANAGEMENT,dhcp
COUNSELOR2-PC,PC,Main office,MANAGEMENT,dhcp
REGISTRAR-PC,PC,Main office,MANAGEMENT,dhcp
FRONT-OFFICE-PC,PC,Main office,MANAGEMENT,dhcp
E230-TCHR,PC,Room E230,TEACHERS,dhcp
E230-PC01,PC,Room E230,STUDENTS,dhcp
E230-PC02,PC,Room E230,STUDENTS,dhcp
E230-PC03,PC,Room E230,STUDENTS,dhcp
E230-PC04,PC,Room E230,STUDENTS,dhcp
E230-PC05,PC,Room E230,STUDENTS,dhcp
E230-PC06,PC,Room E230,STUDENTS,dhcp
E230-PC07,PC,Room E230,STUDENTS,dhcp
E230-PC08,PC,Room E230,STUDENTS,dhcp
E230-PC09,PC,Room E230,STUDENTS,dhcp
E230-PC10,PC,Room E230,STUDENTS,dhcp
E230-PC11,PC,Room E230,STUDENTS,dhcp
E230-PC12,PC,Room E230,STUDENTS,dhcp
E230-PC13,PC,Room E230,STUDENTS,dhcp
E230-PC14,PC,Room E230,STUDENTS,dhcp
E230-PC15,PC,Room E230,STUDENTS,dhcp
E110-TCHR,PC,Room E110,TEACHERS,dhcp
E110-PC01,PC,Room E110,STUDENTS,dhcp
E110-PC02,PC,Room E110,STUDENTS,dhcp
E110-PC03,PC,Room E110,STUDENTS,dhcp
E110-PC04,PC,Room E110,STUDENTS,dhcp
E110-PC05,PC,Room E110,STUDENTS,dhcp
E110-PC06,PC,Room E110,STUDENTS,dhcp
E110-PC07,PC,Room E110,STUDENTS,dhcp
E110-PC08,PC,Room E110,STUDENTS,dhcp
E110-PC09,PC,Room E110,STUDENTS,dhcp
E110-PC10,PC,Room E110,STUDENTS,dhcp
E110-PC11,PC,Room E110,STUDENTS,dhcp
E110-PC12,PC,Room E110,STUDENTS,dhcp
E110-PC13,PC,Room E110,STUDENTS,dhcp
E110-PC14,PC,Room E110,STUDENTS,dhcp
E110-PC15,PC,Room E110,STUDENTS,dhcp
E103-TCHR,PC,Room E103,TEACHERS,dhcp
E103-PC01,PC,Room E103,STUDENTS,dhcp
E103-PC02,PC,Room E103,STUDENTS,dhcp
E103-PC03,PC,Room E103,STUDENTS,dhcp
E103-PC04,PC,Room E103,STUDENTS,dhcp
E103-PC05,PC,Room E103,STUDENTS,dhcp
E103-PC06,PC,Room E103,STUDENTS,dhcp
E103-PC07,PC,Room E103,STUDENTS,dhcp
E103-PC08,PC,Room E103,STUDENTS,dhcp
E103-PC09,PC,Room E103,STUDENTS,dhcp
E103-PC10,PC,Room E103,STUDENTS,dhcp
E103-PC11,PC,Room E103,STUDENTS,dhcp
E103-PC12,PC,Room E103,STUDENTS,dhcp
E103-PC13,PC,Room E103,STUDENTS,dhcp
E103-PC14,PC,Room E103,STUDENTS,dhcp
E103-PC15,PC,Room E103,STUDENTS,dhcp
E203-TCHR,PC,Room E203,TEACHERS,dhcp
E203-PC01,PC,Room E203,STUDENTS,dhcp
E203-PC02,PC,Room E203,STUDENTS,dhcp
E203-PC03,PC,Room E203,STUDENTS,dhcp
E203-PC04,PC,Room E203,STUDENTS,dhcp
E203-PC05,PC,Room E203,STUDENTS,dhcp
E203-PC06,PC,Room E203,STUDENTS,dhcp
E203-PC07,PC,Room E203,STUDENTS,dhcp
E203-PC08,PC,Room E203,STUDENTS,dhcp
E203-PC09,PC,Room E203,STUDENTS,dhcp
E203-PC10,PC,Room E203,STUDENTS,dhcp
E203-PC11,PC,Room E203,STUDENTS,dhcp
E203-PC12,PC,Room E203,STUDENTS,dhcp
E203-PC13,PC,Room E203,STUDENTS,dhcp
E203-PC14,PC,Room E203,STUDENTS,dhcp
E203-PC15,PC,Room E203,STUDENTS,dhcp
C214-TCHR,PC,Room C214,TEACHERS,dhcp
C214-PC01,PC,Room C214,STUDENTS,dhcp
C214-PC02,PC,Room C214,STUDENTS,dhcp
C214-PC03,PC,Room C214,STUDENTS,dhcp
C214-PC04,PC,Room C214,STUDENTS,dhcp
C214-PC05,PC,Room C214,STUDENTS,dhcp
C214-PC06,PC,Room C214,STUDENTS,dhcp
C214-PC07,PC,Room C214,STUDENTS,dhcp
C214-PC08,PC,Room C214,STUDENTS,dhcp
C214-PC09,PC,Room C214,STUDENTS,dhcp
C214-PC10,PC,Room C214,STUDENTS,dhcp
C214-PC11,PC,Room C214,STUDENTS,dhcp
C214-PC12,PC,Room C214,STUDENTS,dhcp
C214-PC13,PC,Room C214,STUDENTS,dhcp
C214-PC14,PC,Room C214,STUDENTS,dhcp
C214-PC15,PC,Room C214,STUDENTS,dhcp
B126-TCHR,PC,Room B126,TEACHERS,dhcp
B126-PC01,PC,Room B126,STUDENTS,dhcp
B126-PC02,PC,Room B126,STUDENTS,dhcp
B126-PC03,PC,Room B126,STUDENTS,dhcp
B126-PC04,PC,Room B126,STUDENTS,dhcp
B126-PC05,PC,Room B126,STUDENTS,dhcp
B126-PC06,PC,Room B126,STUDENTS,dhcp
B126-PC07,PC,Room B126,STUDENTS,dhcp
B126-PC08,PC,Room B126,STUDENTS,dhcp
B126-PC09,PC,Room B126,STUDENTS,dhcp
B126-PC10,PC,Room B126,STUDENTS,dhcp
B126-PC11,PC,Room B126,STUDENTS,dhcp
B126-PC12,PC,Room B126,STUDENTS,dhcp
B126-PC13,PC,Room B126,STUDENTS,dhcp
B126-PC14,PC,Room B126,STUDENTS,dhcp
B126-PC15,PC,Room B126,STUDENTS,dhcp
INET-SRV,server,Internet,INTERNET,198.51.100.10
